{ "lastId": 16, "filme": [{ "id": 1, "nume": "Omul invizibil", "descriere": "Cecilia Kasso încearcă să demonstreze că este urmărită de cineva pe care nu îl poate vedea.", "minute": "125", "treiD": "nu", "lansare": "2020-02-28", "gen": "horror, ficțiune, thriller" }, { "id": 2, "nume": "Richard Jewell", "descriere": "", "minute": "131", "treiD": "nu", "lansare": "2020-02-14", "gen": "dramă" }, { "id": 3, "nume": "Dolittle", "descriere": "După ce regina se îmbolnăvește, Dolittle pleacă în căutarea leacului.", "minute": "102", "treiD": "da", "lansare": "2020-01-17", "gen": "aventură, comedie, familie" }, { "id": 4, "nume": "Chemarea străbunilor", "descriere": "Un câine devine sau propriul stăpân.", "minute": "105", "treiD": "nu", "lansare": "2019-02-28", "gen": "aventură, dramă, familie" }, { "id": 5, "nume": "Spioni deghizați", "descriere": "Un spion și un om de știință trebuie să facă echipa pentru a salva lumea.", "minute": "102", "treiD": "da", "lansare": "2019-12-27", "gen": "aventură, acțiune, animație" }, { "id": 6, "nume": "Sonic the Hedgehog", "descriere": "Filmul Sonic the Hedgehog urmărește peripețiile lui Sonic în încercările lui de a trece cu bine de dificultățile vieții de pe Pământ.", "minute": "131", "treiD": "nu", "lansare": "2020-02-14", "gen": "acțiune, aventură, familie" }, { "id": 7, "nume": "Speranță și moarte", "descriere": "", "minute": "119", "treiD": "nu", "lansare": "2020-01-24", "gen": "dramă, război" }, { "id": 8, "nume": "10 zile fără mama", "descriere": "Când un tată e nevoit să ia locul soției și să aibă grijă de copiii lor pentru 10 zile, cât mama e plecată în prima ei vacanță după prea mulți ani, acesta va descoperi cât de grea este meseria de mamă.", "minute": "", "treiD": "nu", "lansare": "2020-02-28", "gen": "comedie" }, { "id": 9, "nume": "Little Joe", "descriere": "O mama îi face cadou fiului său o floare cu valori terapeutice, însă se dovedește că floarea nu este una inofensivă.", "minute": "105", "treiD": "nu", "lansare": "2019-03-06", "gen": "dramă, ficțiune" },{ "id": 10, "nume": "My spy", "descriere": "O operativă întărită a CIA se află la mila unei fetițe precoce de 9 ani, fiind trimisă sub acoperire pentru a-și supraveghea familia.", "minute": "100", "treiD": "nu", "lansare": "2020-03-13", "gen": "acțiune, comedie, familie" },{ "id": 11, "nume": "Fiicele doctorului March", "descriere": "Bazat pe romanul clasic scris de autoarea Louisa May Alcott, filmul Little Women urmărește viețile surorilor March, în perioada Războiului Civil American.", "minute": "135", "treiD": "nu", "lansare": "2020-02-07", "gen": "dramă, romantic" },{ "id": 12, "nume": "Peter Rabbit: The Runaway", "descriere": "Aventurându-se din grădină, Peter se regăsește într-o lume în care buclucul lui este apreciat, dar când familia lui riscă să vină în căutarea lui, Peter trebuie să-și dea seama ce fel de iepuraș vrea să fie.", "minute": "75", "treiD": "da", "lansare": "2020-04-03", "gen": "animaţie, aventură, comedie, familie" },{ "id": 13, "nume": "Mulan", "descriere": "Acţiunea va merge pe urmele lui Hua Mulan, fiica unui bătrân luptător, care se deghizează în bărbat şi îi ia locul tatălui său în armata gata de luptă.", "minute": "120", "treiD": "nu", "lansare": "2020-03-07", "gen": "dramă, aventură, film fantastic"},{ "id": 14, "nume": "Văduva neagră", "descriere": "Aceasta este povestea Natashei Romanoff și a misiunilor pe care le-a avut între Civil War și Infinity War.", "minute": "180", "treiD": "da", "lansare": "2020-05-01", "gen": "acţiune, aventură, SF"},{ "id": 15, "nume": "A Quiet Place: Part II", "descriere": "Familia Abbott (Emily Blunt, Millicent Simmonds, Noah Jupe) și-a părăsit casa unde au avut loc tragicele evenimente, și este acum nevoită să înfrunte terorile lumii exterioare.", "minute": "97", "treiD": "nu", "lansare": "2020-03-20", "gen": "horror, thriller"}] }