{"lastId":7,"useri":[{"id":0,"username":"admin","nume":"admin","prenume":"admin","email":"oanaatasie@yahoo.com","parola":"123abc456def","dataInreg":"2020-05-22T14:10:52.097Z","rol":"admin","categorii":""},{"id":1,"username":"user","nume":"user1","prenume":"user2","parola":"3bd2e399b1739b906b9608e6c7dc189a","dataInreg":"2020-05-30T13:15:10.860Z","rol":"user","categorii":["dragoste","horror","fictiune"]},{"id":2,"username":"test","nume":"1","prenume":"2","email":"12@yahoo.com","parola":"d2c6588ce1138bedc8ee8a7c7eaaa797","dataInreg":"2020-05-30T13:17:54.575Z","rol":"user","categorii":["comedie","fictiune"]},{"id":3,"username":"oana","nume":"Oana","prenume":"Andreea","email":"1@gmail.com","parola":"d2c6588ce1138bedc8ee8a7c7eaaa797","dataInreg":"2020-05-30T17:59:31.128Z","rol":"user","categorii":["comedie","dragoste","horror","drama"]},{"id":4,"username":"w","nume":"w","prenume":"w","email":"w","parola":"00c3cf568100c1f83c64d947f51df04c","dataInreg":"2020-05-31T09:23:54.188Z","rol":"user","categorii":["horror","drama"]},{"id":5,"username":"4","nume":"4","prenume":"4","email":"oana_andreea_22_2001@yahoo.com","parola":"5c39eef13419185a438e6ed69c1829ad","dataInreg":"2020-05-31T16:53:40.009Z","rol":"user","categorii":["comedie","dragoste"]},{"id":6,"username":"ionel","nume":"ionel","prenume":"ionel","email":"ionel@gamil.com","parola":"fd88eb6511cf23d23adcc67f4046fb0b","dataInreg":"2020-05-31T17:21:19.704Z","rol":"user","categorii":["comedie","dragoste","drama"]}]}